disease,disease_name,mean,median,std,ci_5,ci_25,ci_75,ci_95,min,max
breast_cancer,Breast Cancer,6.135572454339972,5.977537296801898,0.9449493260412812,4.965286162899525,5.422227147292388,6.628011945488646,8.039493431848035,4.52310124855743,10.3436779882834
alzheimers,Alzheimer's Disease,24.636814784310648,24.69260885383011,3.6646958078276652,18.271586182088345,22.145510035712547,27.077986634234463,30.577631864157276,13.49192552330341,37.42445432686529
pandemic_novel,Novel Pandemic Pathogen,3.689314433470682,3.545247059952337,0.5494088706064103,3.083401272151108,3.2931599722073335,3.9547933368558623,4.803714285496357,2.7711138774802335,6.72113481195045
pancreatic_cancer,Pancreatic Cancer,33.14064966614751,33.22577133897031,3.7643513595583227,26.82025497015424,30.540064679553666,35.64179619121823,39.2268220199818,21.502688085875175,44.43904370325896
rare_genetic,Rare Genetic Disease (Generic),1.922010326112455,1.8286765140723042,0.34735284992513243,1.5719390514476301,1.7066828630306536,2.0180264314722134,2.6186257266609183,1.4467960836175493,4.350115518148342
