intervention,roi_mean,roi_ci_80_low,roi_ci_80_high
Expand Adaptive Trial Designs,20330.92890862263,13491.423510185525,28146.641690782722
Real-World Evidence Integration,12076.823312669867,8014.072485384988,16719.45340384544
Industry-Academia AI Partnerships,9637.570994027954,6395.406352277666,13342.492060131008
Target Validation Initiative,5393.552361152476,3579.113352651968,7466.967516936668
Double AI Research Funding,5139.5816079188235,3410.5806207499427,7115.364113898154
