parameter,first_order,correlation
g_ai,0.9150347353993402,0.9400614182288809
p_phase2,0.04538926032767212,0.2093697773991546
M_max_cognitive,0.015834904963252124,0.12366453510494631
k_saturation,0.012297049824609094,0.10897776703594493
M_max_clinical,0.009387558480719142,0.0952168404517699
gamma_data,0.002000816361203613,0.04395831670293427
M_max_physical,5.567464320362056e-05,-0.007332737864465191
