scenario,therapeutic_area,is_amodei,g_ai,g_cognitive,g_robotic,g_scientific,parallelization_factor,progress_by_2030,progress_by_2040,progress_by_2050,max_progress_rate,year_10_equiv_years,year_50_equiv_years,year_100_equiv_years,final_bottleneck
Pessimistic,General,False,0.3,0.4,0.2,0.35,1.0,10.44534263474829,39.77254546485521,79.44630677941007,4.280293992969084,2030.0,2043.0,>2050,8
Baseline,General,False,0.5,0.6,0.3,0.55,1.0,15.29556384808414,69.55949923487854,148.9648681672657,8.897524157415026,2029.0,2038.0,2045.0,8
Optimistic,General,False,0.7,0.8,0.45,0.75,1.0,24.046625725989323,98.34829054342777,206.54866478722286,12.716999267828333,2028.0,2034.0,2041.0,8
Upper_Bound_Amodei,General,True,0.75,0.75,0.45,0.7,1.5,22.461161241331904,104.58848878685681,228.78854864812382,14.77165243345297,2028.0,2034.0,2040.0,8
Baseline_Oncology,Oncology,False,0.5,0.6,0.3,0.55,1.0,19.306293322049044,94.36408705424945,202.23358467548016,12.086975584722222,2028.0,2035.0,2041.0,8
Baseline_CNS,CNS,False,0.5,0.6,0.3,0.55,1.0,13.289213736102525,57.02354811423389,122.62975082441801,7.5329985939697295,2029.0,2039.0,2047.0,7
Baseline_Infectious_Disease,Infectious Disease,False,0.5,0.6,0.3,0.55,1.0,17.302494525821075,79.72597512795002,165.83245984412497,9.648401496014307,2029.0,2036.0,2043.0,8
Baseline_Rare_Disease,Rare Disease,False,0.5,0.6,0.3,0.55,1.0,17.471930724696364,70.75319195632672,142.87082863854286,8.08092719794747,2028.0,2037.0,2045.0,8
