scenario,is_amodei_scenario,progress_10yr,progress_2050,acceleration_10yr,acceleration_26yr,meets_amodei_low,meets_amodei_high,vs_amodei_target
Pessimistic,False,20.24968897596516,79.44630677941007,2.024968897596516,3.055627183823464,False,False,0.4049937795193032
Baseline,False,32.995249069763034,148.9648681672657,3.2995249069763033,5.7294180064332965,False,False,0.6599049813952607
Optimistic,False,50.01655972795328,206.54866478722286,5.001655972795328,7.944179414893187,True,False,1.0003311945590656
Upper_Bound_Amodei,True,50.56273468470664,228.78854864812382,5.056273468470664,8.799559563389378,True,False,1.011254693694133
Baseline_Oncology,False,43.60703345265596,202.23358467548016,4.3607033452655966,7.778214795210776,False,False,0.8721406690531193
Baseline_CNS,False,27.686049684789452,122.62975082441801,2.7686049684789453,4.716528877862231,False,False,0.5537209936957891
Baseline_Infectious_Disease,False,38.30643637568129,165.83245984412497,3.8306436375681288,6.378171532466345,False,False,0.7661287275136257
Baseline_Rare_Disease,False,36.062930886589314,142.87082863854286,3.6062930886589313,5.495031870713187,False,False,0.7212586177317862
